Iteration,time_o3-mini_temperatureNA
0,4.7111
1,7.0396
2,7.3274
3,4.8122
4,5.7671
5,5.1782
6,9.5106
7,3.7872
8,6.5517
9,6.1217
10,5.2918
11,5.2755
12,3.8557
13,5.4267
14,6.9414
15,5.2141
16,5.1368
17,6.4032
18,7.0178
19,4.4224
20,3.9795
21,5.9065
22,8.3634
23,4.5701
24,4.8313
25,5.1238
26,4.4939
27,4.1984
28,5.9626
29,9.6344
30,5.1716
31,5.784
32,4.9242
33,4.4274
34,7.0351
35,5.4863
36,6.7308
37,4.7548
38,8.2313
39,5.7085
40,7.8526
41,6.0987
42,6.3221
43,4.8361
44,6.3832
45,8.6882
46,6.8166
47,5.3056
48,5.4299
49,5.394
50,7.6431
51,4.3672
52,7.2145
53,5.8233
54,4.4816
55,5.1872
56,6.2335
57,4.9622
58,4.5543
59,5.6232
60,4.9779
61,4.4911
62,5.3448
63,4.5615
64,4.437
65,5.1939
66,4.8054
67,5.2633
68,4.4304
69,5.1809
70,4.5481
71,4.8671
72,5.1783
73,5.5782
74,5.0267
75,5.8664
76,6.0683
77,5.6656
78,5.733
79,9.663
80,11.7341
81,5.8955
82,8.1917
83,6.0914
84,6.033
85,3.9953
86,7.0066
87,4.8097
88,6.3451
89,4.5883
90,5.8293
91,5.4095
92,4.4715
93,4.9467
94,4.0547
95,5.158
96,5.0296
97,4.6664
98,5.6453
99,4.4458
100,3.8425
101,4.3324
102,5.1827
103,5.2432
104,4.5335
105,3.9
106,4.9293
107,4.9528
108,6.084
109,5.4222
110,6.9573
111,7.6166
112,5.2237
113,6.1685
114,6.2564
115,5.9544
116,4.1093
117,4.4449
118,5.1377
119,7.1396
120,4.2553
121,7.3025
122,5.4822
123,3.7297
124,4.7572
125,6.0964
126,3.9509
127,4.3525
128,4.9799
129,6.2665
130,3.5459
131,6.0577
132,5.4069
133,6.0091
134,5.431
135,6.4971
136,5.695
137,5.5756
138,5.5615
139,6.5021
140,5.9509
141,5.7776
142,5.8409
143,5.3857
144,4.9886
145,4.4917
146,6.6797
147,5.1
148,3.3879
149,5.8002
150,7.701
151,4.8059
152,5.5378
153,3.9048
154,6.1398
155,9.288
156,4.8569
157,3.7486
158,6.2378
159,5.4573
160,5.2388
161,5.2919
162,4.3631
163,6.4087
164,6.5153
165,4.8295
166,7.3412
167,4.7755
168,6.0315
169,3.2356
170,3.9892
171,5.5813
172,4.5056
173,12.8339
174,5.8769
175,4.424
176,4.087
177,3.9449
178,9.938
179,5.7938
180,7.0001
181,5.6682
182,5.9174
183,6.4663
184,4.0835
185,6.6877
