Iteration,time_o3-mini_temperatureNA,gpt-4o-mini-2024-07-18social_n2_Te_Sr
0,4.7111,8.965877708978951
1,7.0396,15.658198917051777
2,7.3274,15.016662333044223
3,4.8122,12.72869787493255
4,5.7671,9.4202440000372
5,5.1782,10.953348208102398
6,9.5106,13.10814741696231
7,3.7872,10.849030417040922
8,6.5517,7.778929415973835
9,6.1217,11.471512584015727
10,5.2918,10.443293999996968
11,5.2755,11.973493499914184
12,3.8557,8.470740667078644
13,5.4267,11.801910583977588
14,6.9414,9.35226658405736
15,5.2141,10.200575458002277
16,5.1368,11.976445249980316
17,6.4032,11.57017287495546
18,7.0178,11.387732791015878
19,4.4224,9.396511125029065
20,3.9795,8.909483292023651
21,5.9065,10.340208874898963
22,8.3634,13.41524775000289
23,4.5701,7.572470833081752
24,4.8313,9.423121416941285
25,5.1238,8.90761937503703
26,4.4939,9.312986208009534
27,4.1984,9.59735337505117
28,5.9626,9.145677957916632
29,9.6344,9.210451749968342
30,5.1716,11.616895916988142
31,5.784,8.863824000000022
32,4.9242,9.82040875009261
33,4.4274,11.064396083005704
34,7.0351,9.82224683300592
35,5.4863,8.453192374901846
36,6.7308,8.540182207943872
37,4.7548,11.161580833024345
38,8.2313,9.720621166052297
39,5.7085,12.603917457978241
40,7.8526,10.95444529200904
41,6.0987,14.063142709084786
42,6.3221,12.9208875419572
43,4.8361,10.492384040961042
44,6.3832,8.29626370803453
45,8.6882,10.638095165952109
46,6.8166,10.342858333024196
47,5.3056,13.717410083045252
48,5.4299,14.95103920798283
49,5.394,12.19219987501856
50,7.6431,13.20598158298526
51,4.3672,8.800549083040096
52,7.2145,11.26219758298248
53,5.8233,20.989789042039774
54,4.4816,12.787825167062692
55,5.1872,11.072754292050377
56,6.2335,10.938056583050638
57,4.9622,14.955893083009869
58,4.5543,10.143823917023838
59,5.6232,8.597671375027858
60,4.9779,10.035478416015394
61,4.4911,9.726063499925658
62,5.3448,8.698636791901663
63,4.5615,10.550207040971145
64,4.437,8.694786458043382
65,5.1939,8.604084125021473
66,4.8054,7.926730792038143
67,5.2633,9.685906583094038
68,4.4304,9.51270508300513
69,5.1809,9.118223124998622
70,4.5481,8.374955917010084
71,4.8671,7.80527550005354
72,5.1783,9.310023332946002
73,5.5782,7.684175041038543
74,5.0267,11.461693041957915
75,5.8664,9.585756208049133
76,6.0683,14.683145208051428
77,5.6656,15.869004833046347
78,5.733,9.190210290951654
79,9.663,10.056479374994524
80,11.7341,12.386423625051975
81,5.8955,11.979197167092934
82,8.1917,14.233905583037995
83,6.0914,9.078876083018258
84,6.033,11.113263832987286
85,3.9953,7.96466129203327
86,7.0066,11.05710125004407
87,4.8097,7.587582417065278
88,6.3451,9.30441558395978
89,4.5883,8.806540000019595
90,5.8293,8.927730916067958
91,5.4095,8.680027958005667
92,4.4715,9.21207104192581
93,4.9467,8.90331870794762
94,4.0547,7.385334125021473
95,5.158,10.332756082993
96,5.0296,14.128133166930638
97,4.6664,7.780735292006284
98,5.6453,9.01169287506491
99,4.4458,7.88104520807974
100,3.8425,11.17929329094477
101,4.3324,15.161316915997304
102,5.1827,13.794950959039852
103,5.2432,9.842446792055853
104,4.5335,9.100219291984104
105,3.9,10.025484166108072
106,4.9293,14.438025541952811
107,4.9528,9.114710540976375
108,6.084,8.76732320804149
109,5.4222,9.557489625061862
110,6.9573,14.947558750049211
111,7.6166,8.804984709015116
112,5.2237,13.004929833929054
113,6.1685,9.209522290970199
114,6.2564,9.115376291098073
115,5.9544,31.430767999961972
116,4.1093,8.71062870894093
117,4.4449,10.339181959046982
118,5.1377,12.588239750009961
119,7.1396,8.906366124982014
120,4.2553,10.546575500047766
121,7.3025,8.499670666991733
122,5.4822,9.358579125022516
123,3.7297,10.306474417098798
124,4.7572,7.882784959045239
125,6.0964,10.866000749985687
126,3.9509,15.512648249976337
127,4.3525,13.104312665993348
128,4.9799,9.422089291969314
129,6.2665,13.925800000084564
130,3.5459,9.320262292050757
131,6.0577,8.906058458029293
132,5.4069,12.795436374959536
133,6.0091,9.926764791016467
134,5.431,9.12236016697716
135,6.4971,10.44072808290366
136,5.695,13.198797457967885
137,5.5756,11.263555457931943
138,5.5615,10.65571225003805
139,6.5021,10.645399333094247
140,5.9509,13.717957834014669
141,5.7776,11.466125582926907
142,5.8409,12.131014458020218
143,5.3857,12.34112129197456
144,4.9886,9.012994916993193
145,4.4917,9.720068749971688
146,6.6797,10.03618249995634
147,5.1,11.163548624957912
148,3.3879,10.750438792048953
149,5.8002,15.159438750008121
150,7.701,9.211916208965704
151,4.8059,11.969739541993476
152,5.5378,10.894006750080734
153,3.9048,16.6858366249362
154,6.1398,10.302659624954686
155,9.288,11.168254125048406
156,4.8569,11.970197250018828
157,3.7486,11.001010334002785
158,6.2378,18.59187720809132
159,5.4573,10.855000624898821
160,5.2388,11.856870500021614
161,5.2919,17.226304290932603
162,4.3631,14.414188249967992
163,6.4087,9.437802542001009
164,6.5153,13.621898041921668
165,4.8295,12.590084625058807
166,7.3412,13.615505499998108
167,4.7755,10.547115957946517
168,6.0315,11.261774125043303
169,3.2356,11.670223415945657
170,3.9892,14.125160042080097
171,5.5813,12.499176500015892
172,4.5056,13.718855874962173
173,12.8339,12.7984025409678
174,5.8769,12.496784584014677
175,4.424,10.742758499924093
176,4.087,10.648740999982692
177,3.9449,11.671624667011201
178,9.938,14.31521520903334
179,5.7938,11.267827083007433
180,7.0001,11.6869587500114
181,5.6682,9.305138333933428
182,5.9174,10.051526166033
183,6.4663,12.586736417026259
184,4.0835,9.217234540963545
185,6.6877,9.52140470908489
